VIN,Make,Model,ModelYear
SCBCR63W16C030477,BENTLEY,Continental,2006
1BAKDCPA3GF313137,BLUE BIRD,BB Conventional,2016
3MW5R1J08L8B21625,BMW,330i,2020
1GYS4CKJ2KR309076,CADILLAC,Escalade,2019
1GYKNERSXJZ160440,CADILLAC,XT5,2018
2BXNBDD24LV002113,CAN-AM,Spyder,2020
1HA3GTCG1KN000447,CHEVROLET,Express,2019
1GC1KSEY9KF178482,CHEVROLET,Silverado,2019
2C4RDGBG1KR798483,DODGE,Grand Caravan,2019
2C7WDGBGXKR784393,DODGE,Grand Caravan,2019
1FTNE24L78DA23285,FORD,E-250,2008
1FTFW1E88MFA96363,FORD,F-150,2021
1FT8W3BT2LEC33332,FORD,F-350,2020
1FAHP3H20CL184581,FORD,Focus,2012
1FMZK1CM3JKA40743,FORD,Transit Connect,2018
1FVACWDT5FHGH8100,FREIGHTLINER,M2,2015
1FVHC7CV3ADAR2037,FREIGHTLINER,M2,2010
3ALACWDTXHDJG7052,FREIGHTLINER,M2,2017
4UZAAPDU49CAG2109,FREIGHTLINER,MT 45 Chassis,2009
4UZACCCPX6CW72916,FREIGHTLINER,MT 45 HEV Chassis,2006
WDPPF3CC9A9436386,FREIGHTLINER,Sprinter,2010
KMTG34LE1KU027872,GENESIS,G70,2019
KMTG34LE9KU021141,GENESIS,G70,2019
KMTG44LA3KU017046,GENESIS,G70,2019
KMTG64LA2LU056383,GENESIS,G70,2020
KMHGN4JE9JU225380,GENESIS,G80,2018
KMHGN4JEXHU171758,GENESIS,G80,2017
3GTP9EED8LG120707,GMC,Sierra,2020
5PVNE8JP7F4S51018,HINO,Conventional Type Truck,2015
5PVNE8JV972S50609,HINO,Conventional Type Truck,2007
JHHRPM2H2EK001074,HINO,Conventional Type Truck,2014
5FNRL38938B035163,HONDA,Odyssey,2008
5FNRL6H75KB041232,HONDA,Odyssey,2019
5GRGN22U56H108425,HUMMER,H2,2006
5GRGN23868H106669,HUMMER,H2,2008
5GRGN23U05H104313,HUMMER,H2,2005
5GRGN23U13H109565,HUMMER,H2,2003
5GRGN23U45H121518,HUMMER,H2,2005
KM8SR4HF6JU283377,HYUNDAI,Santa Fe,2018
5NPEU46C76H114687,HYUNDAI,Sonata,2006
1HTSCABL6XH635946,INTERNATIONAL,4700,1999
1HTMPAFN77H411688,INTERNATIONAL,MA015,2007
3HAMMAAN0EL495747,INTERNATIONAL,MA025,1984
3HAMMMMM8FL182208,INTERNATIONAL,MA025,2015
1HTJTSKM7DH258632,INTERNATIONAL,MA065,2013
1HTWBAAN2CJ481830,INTERNATIONAL,SR515,2012
1HTJSSKK2DH146483,INTERNATIONAL,TA005,2013
1HTJSSKK5CJ062097,INTERNATIONAL,TA005,2012
1HTJSSKK5CJ390104,INTERNATIONAL,TA005,2012
1HTJSSKK9CJ445010,INTERNATIONAL,TA005,2012
JALE5W163E7302389,ISUZU,NQR/NRR,2014
54DC4W1BXFS802567,ISUZU,NRR,2015
54DC4W1C3GS808110,ISUZU,NRR,2016
JALB4W171D7400124,ISUZU,NRR,2013
JALB4W175F7400016,ISUZU,NRR,2015
JALE5W165J7301352,ISUZU,NRR,2018
JALE5W165K7300476,ISUZU,NRR,2019
4S2CK58W824318087,ISUZU,Rodeo,2002
SAJBD4FX6JCY57725,JAGUAR,XF,2018
1C6HJTFG6LL106890,JEEP,Gladiator,2020
3KPA24AB2JE099905,KIA,Rio,2018
ZN661XUA1HX210904,MASERATI,Levante,2017
ZAMBB18A720006592,MASERATI,Spyder,2002
JM3KFADM2K0531978,MAZDA,CX-5,2019
WDDSJ4GB1JN582155,MERCEDES-BENZ,CLA-Class,2018
WDD1J6GBXJF015072,MERCEDES-BENZ,E-Class,2018
WDDZF4JB7JA379223,MERCEDES-BENZ,E-Class,2018
1G3WT32M2SD315946,OLDSMOBILE,Cutlass Supreme,1995
1P3EW65G9XV505108,PLYMOUTH,Prowler,1999
WP1AA2A56JLB10699,PORSCHE,Macan,2018
1C6RR6PT7JS254916,RAM,1500,2018
3C63RRHL0LG260671,RAM,3500,2020
YS3CL48L3K1014264,SAAB,9000,1989
WMEEJ3BA2DK636540,SMART,Fortwo,2013
WMEEJ3BA7BK432586,SMART,Fortwo,2011
2FZHAZAS72AJ79491,STERLING TRUCK,L9500 series,2002
49HAADBV45DN90218,STERLING TRUCK,SC8000,2005
JS3TY92V164101599,SUZUKI,Grand Vitara XL-7,2006
4T1B31HK1JU001059,TOYOTA,Camry,2018
4T1B61HKXKU236990,TOYOTA,Camry,2019
JTDKN3DU2E1807100,TOYOTA,Prius,2014
JTMWFREV4JJ206774,TOYOTA,RAV4,2018
JTNKARJE4GJ508198,TOYOTA,Scion iM,2016
JTNKARJE4GJ519735,TOYOTA,Scion iM,2016
JTNKARJE5GJ518108,TOYOTA,Scion iM,2016
JTNKARJE6GJ504489,TOYOTA,Scion iM,2016
JTNKARJE9GJ510268,TOYOTA,Scion iM,2016
JTNKARJEXGJ517925,TOYOTA,Scion iM,2016
JTLZE4FE2B1131113,TOYOTA,Scion xB,2011
JTLZE4FEXDJ041890,TOYOTA,Scion xB,2013
JTKKU4B42C1019855,TOYOTA,Scion xD,2012
JTKKUPB44E1043837,TOYOTA,Scion xD,2014
JTKKUPB4XD1037474,TOYOTA,Scion xD,2013
3VWSF31Y69M412685,VOLKSWAGEN,Beetle,2009
3VWYT7AU0GM042418,VOLKSWAGEN,Golf,2016
5B4HPD28X83430899,WORKHORSE,W42,2008
JYAVM01E23A058254,YAMAHA,XVS650 (V Star 650),2003
